Workbook

Sheet anasayfa

Sheet alış
A1: Ürün Kodu | B1: Tür | C1: Ürün Adı | D1: Cins | E1: Birim | F1: Alınan Miktar | G1: Alış Fiyatı | H1: Satış Fiyatı
A2: M001 | B2: Meyve | C2: Elma | D2: Golden | E2: kg | F2: 50 | G2: 10 | H2: 15
A3: M002 | B3: Meyve | C3: Elma | D3: Starking | E3: kg | F3: 30 | G3: 9 | H3: 14
A4: M003 | B4: Meyve | C4: Elma | D4: Amasya | E4: kg | F4: 30 | G4: 8 | H4: 13
A5: M004 | B5: Meyve | C5: Elma | D5: granny smith | E5: kg | F5: 30 | G5: 10 | H5: 18
A6: M005 | B6: Meyve | C6: Elma | D6: fuji | E6: kg | F6: 30 | G6: 11 | H6: 16
A7: M006 | B7: Meyve | C7: muz | D7: cavendish | E7: kg | F7: 30 | G7: 12 | H7: 18
A8: M007 | B8: Meyve | C8: muz | D8: gros michel | E8: kg | F8: 30 | G8: 13 | H8: 19
A9: M008 | B9: Meyve | C9: muz | D9: lady finger | E9: kg | F9: 30 | G9: 10 | H9: 20
A10: M009 | B10: Meyve | C10: portakal | D10: washington | E10: kg | F10: 30 | G10: 8 | H10: 13
A11: M010 | B11: Meyve | C11: portakal | D11: valencia | E11: kg | F11: 30 | G11: 7 | H11: 25
A12: M011 | B12: Meyve | C12: portakal | D12: moro | E12: kg | F12: 30 | G12: 9 | H12: 14
A13: M012 | B13: Meyve | C13: portakal | D13: bergamot | E13: kg | F13: 30 | G13: 10 | H13: 15
... A42: M041 | B42: Meyve | C42: kavun | D42: galia | E42: kg | F42: 30 | G42: 5 | H42: 7

Sheet stok
A1: Ürün Kodu | B1: Ürün Adı | C1: Toplam Alış | D1: Toplam Satış | E1: Kalan Stok | F1: Satış Tarihi
A2: M001 | B2: Elma | C2: =SUMIF(alış!A:A, A2, alış!F:F) -> 50 | D2: =SUMIF(satış!B:B, A2, satış!G:G) -> 8 | E2: =C2-D2 -> 42 | F2: 45997
A3: M002 | B3: Elma | C3: =SUMIF(alış!A:A, A3, alış!F:F) -> 30 | D3: =SUMIF(satış!B:B, A3, satış!G:G) -> 12 | E3: =C3-D3 -> 18 | F3: 45997
A4: M003 | B4: Elma | C4: =SUMIF(alış!A:A, A4, alış!F:F) -> 30 | D4: =SUMIF(satış!B:B, A4, satış!G:G) -> 4 | E4: =C4-D4 -> 26 | F4: 45997
A5: M004 | B5: Elma | C5: =SUMIF(alış!A:A, A5, alış!F:F) -> 30 | D5: =SUMIF(satış!B:B, A5, satış!G:G) -> 5 | E5: =C5-D5 -> 25 | F5: 45997
A6: M005 | B6: Elma | C6: =SUMIF(alış!A:A, A6, alış!F:F) -> 30 | D6: =SUMIF(satış!B:B, A6, satış!G:G) -> 11 | E6: =C6-D6 -> 19 | F6: 45997
A7: M006 | B7: muz | C7: =SUMIF(alış!A:A, A7, alış!F:F) -> 30 | D7: =SUMIF(satış!B:B, A7, satış!G:G) -> 5 | E7: =C7-D7 -> 25 | F7: 46001
A8: M007 | B8: muz | C8: =SUMIF(alış!A:A, A8, alış!F:F) -> 30 | D8: =SUMIF(satış!B:B, A8, satış!G:G) -> 5 | E8: =C8-D8 -> 25 | F8: 46002
A9: M008 | B9: muz | C9: =SUMIF(alış!A:A, A9, alış!F:F) -> 30 | D9: =SUMIF(satış!B:B, A9, satış!G:G) -> 5 | E9: =C9-D9 -> 25 | F9: 46002
A10: M009 | B10: portakal | C10: =SUMIF(alış!A:A, A10, alış!F:F) -> 30 | D10: =SUMIF(satış!B:B, A10, satış!G:G) -> 8 | E10: =C10-D10 -> 22 | F10: 46002
A11: M010 | B11: portakal | C11: =SUMIF(alış!A:A, A11, alış!F:F) -> 30 | D11: =SUMIF(satış!B:B, A11, satış!G:G) -> 5 | E11: =C11-D11 -> 25 | F11: 46002
A12: M011 | B12: portakal | C12: =SUMIF(alış!A:A, A12, alış!F:F) -> 30 | D12: =SUMIF(satış!B:B, A12, satış!G:G) -> 11 | E12: =C12-D12 -> 19 | F12: 46002
A13: M012 | B13: portakal | C13: =SUMIF(alış!A:A, A13, alış!F:F) -> 30 | D13: =SUMIF(satış!B:B, A13, satış!G:G) -> 6 | E13: =C13-D13 -> 24 | F13: =TODAY() -> 46028
A14: M013 | B14: portakal | C14: =SUMIF(alış!A:A, A14, alış!F:F) -> 30 | D14: =SUMIF(satış!B:B, A14, satış!G:G) -> 5 | E14: =C14-D14 -> 25 | F14: =TODAY() -> 46028
A15: M014 | B15: mandalina | C15: =SUMIF(alış!A:A, A15, alış!F:F) -> 30 | D15: =SUMIF(satış!B:B, A15, satış!G:G) -> 5 | E15: =C15-D15 -> 25 | F15: =TODAY() -> 46028
A16: M015 | B16: mandalina | C16: =SUMIF(alış!A:A, A16, alış!F:F) -> 30 | D16: =SUMIF(satış!B:B, A16, satış!G:G) -> 5 | E16: =C16-D16 -> 25 | F16: =TODAY() -> 46028
A17: M016 | B17: mandalina | C17: =SUMIF(alış!A:A, A17, alış!F:F) -> 30 | D17: =SUMIF(satış!B:B, A17, satış!G:G) -> 9 | E17: =C17-D17 -> 21 | F17: =TODAY() -> 46028
A18: M017 | B18: mandalina | C18: =SUMIF(alış!A:A, A18, alış!F:F) -> 30 | D18: =SUMIF(satış!B:B, A18, satış!G:G) -> 5 | E18: =C18-D18 -> 25 | F18: =TODAY() -> 46028
A19: M018 | B19: mandalina | C19: =SUMIF(alış!A:A, A19, alış!F:F) -> 30 | D19: =SUMIF(satış!B:B, A19, satış!G:G) -> 5 | E19: =C19-D19 -> 25 | F19: =TODAY() -> 46028
A20: M019 | B20: greyfurt | C20: =SUMIF(alış!A:A, A20, alış!F:F) -> 30 | D20: =SUMIF(satış!B:B, A20, satış!G:G) -> 7 | E20: =C20-D20 -> 23 | F20: =TODAY() -> 46028
A21: M020 | B21: greyfurt | C21: =SUMIF(alış!A:A, A21, alış!F:F) -> 30 | D21: =SUMIF(satış!B:B, A21, satış!G:G) -> 13 | E21: =C21-D21 -> 17 | F21: =TODAY() -> 46028
A22: M021 | B22: çilek | C22: =SUMIF(alış!A:A, A22, alış!F:F) -> 30 | D22: =SUMIF(satış!B:B, A22, satış!G:G) -> 7 | E22: =C22-D22 -> 23 | F22: =TODAY() -> 46028
A23: M022 | B23: çilek | C23: =SUMIF(alış!A:A, A23, alış!F:F) -> 30 | D23: =SUMIF(satış!B:B, A23, satış!G:G) -> 7 | E23: =C23-D23 -> 23 | F23: =TODAY() -> 46028
A24: M023 | B24: çilek | C24: =SUMIF(alış!A:A, A24, alış!F:F) -> 30 | D24: =SUMIF(satış!B:B, A24, satış!G:G) -> 9 | E24: =C24-D24 -> 21 | F24: =TODAY() -> 46028
... A42: M041 | B42: kavun | C42: =SUMIF(alış!A:A, A42, alış!F:F) -> 30 | D42: =SUMIF(satış!B:B, A42, satış!G:G) -> 13 | E42: =C42-D42 -> 17 | F42: =TODAY() -> 46028

Sheet satış
A1: Tarih | B1: Ürün Kodu | C1: Tür | D1: Cins | E1: Ürün Adı | F1: Birim Fiyat | G1: Miktar (kg) | H1: Toplam Fiyat | I1: AY NO | J1: YIL NO
A2: 45997 | B2: M001 | C2: =VLOOKUP(B2,alış!$A$2:$G$99,2,FALSE) -> Meyve | D2: =VLOOKUP(B2,alış!$A$2:$G$99,3,FALSE) -> Elma | E2: =VLOOKUP(B2,alış!$A$2:$G$99,4,FALSE) -> Golden | F2: =VLOOKUP(B2,alış!$A$2:$G$99,7,FALSE) -> 10 | G2: 8 | H2: =F2*G2 -> 80 | I2: =MONTH(A6) -> 12 | J2: =YEAR(A6) -> 2025
A3: 45997 | B3: M002 | C3: =VLOOKUP(B3,alış!$A$2:$G$99,2,FALSE) -> Meyve | D3: =VLOOKUP(B3,alış!$A$2:$G$99,3,FALSE) -> Elma | E3: =VLOOKUP(B3,alış!$A$2:$G$99,4,FALSE) -> Starking | F3: =VLOOKUP(B3,alış!$A$2:$G$99,7,FALSE) -> 9 | G3: 12 | H3: =F3*G3 -> 108 | I3: 12 | J3: 2025
A4: 45997 | B4: M003 | C4: =VLOOKUP(B4,alış!$A$2:$G$99,2,FALSE) -> Meyve | D4: =VLOOKUP(B4,alış!$A$2:$G$99,3,FALSE) -> Elma | E4: =VLOOKUP(B4,alış!$A$2:$G$99,4,FALSE) -> Amasya | F4: =VLOOKUP(B4,alış!$A$2:$G$99,7,FALSE) -> 8 | G4: 4 | H4: =F4*G4 -> 32 | I4: =MONTH(A4) -> 12 | J4: =YEAR(A4) -> 2025
A5: 45997 | B5: M004 | C5: =VLOOKUP(B5,alış!$A$2:$G$99,2,FALSE) -> Meyve | D5: =VLOOKUP(B5,alış!$A$2:$G$99,3,FALSE) -> Elma | E5: =VLOOKUP(B5,alış!$A$2:$G$99,4,FALSE) -> granny smith | F5: =VLOOKUP(B5,alış!$A$2:$G$99,7,FALSE) -> 10 | G5: 5 | H5: =F5*G5 -> 50 | I5: =MONTH(A5) -> 12 | J5: =YEAR(A5) -> 2025
A6: 45997 | B6: M005 | C6: =VLOOKUP(B6,alış!$A$2:$G$99,2,FALSE) -> Meyve | D6: =VLOOKUP(B6,alış!$A$2:$G$99,3,FALSE) -> Elma | E6: =VLOOKUP(B6,alış!$A$2:$G$99,4,FALSE) -> fuji | F6: =VLOOKUP(B6,alış!$A$2:$G$99,7,FALSE) -> 11 | G6: 11 | H6: =F6*G6 -> 121 | I6: 12 | J6: 2025
A7: 46001 | B7: M006 | C7: =VLOOKUP(B7,alış!$A$2:$G$99,2,FALSE) -> Meyve | D7: =VLOOKUP(B7,alış!$A$2:$G$99,3,FALSE) -> muz | E7: =VLOOKUP(B7,alış!$A$2:$G$99,4,FALSE) -> cavendish | F7: =VLOOKUP(B7,alış!$A$2:$G$99,7,FALSE) -> 12 | G7: 5 | H7: =F7*G7 -> 60 | I7: =MONTH(A7) -> 12 | J7: =YEAR(A7) -> 2025
A8: 46002 | B8: M007 | C8: =VLOOKUP(B8,alış!$A$2:$G$99,2,FALSE) -> Meyve | D8: =VLOOKUP(B8,alış!$A$2:$G$99,3,FALSE) -> muz | E8: =VLOOKUP(B8,alış!$A$2:$G$99,4,FALSE) -> gros michel | F8: =VLOOKUP(B8,alış!$A$2:$G$99,7,FALSE) -> 13 | G8: 5 | H8: =F8*G8 -> 65 | I8: =MONTH(A8) -> 12 | J8: =YEAR(A8) -> 2025
A9: 46002 | B9: M008 | C9: =VLOOKUP(B9,alış!$A$2:$G$99,2,FALSE) -> Meyve | D9: =VLOOKUP(B9,alış!$A$2:$G$99,3,FALSE) -> muz | E9: =VLOOKUP(B9,alış!$A$2:$G$99,4,FALSE) -> lady finger | F9: =VLOOKUP(B9,alış!$A$2:$G$99,7,FALSE) -> 10 | G9: 5 | H9: =F9*G9 -> 50 | I9: =MONTH(A9) -> 12 | J9: =YEAR(A9) -> 2025
A10: 46002 | B10: M009 | C10: =VLOOKUP(B10,alış!$A$2:$G$99,2,FALSE) -> Meyve | D10: =VLOOKUP(B10,alış!$A$2:$G$99,3,FALSE) -> portakal | E10: =VLOOKUP(B10,alış!$A$2:$G$99,4,FALSE) -> washington | F10: =VLOOKUP(B10,alış!$A$2:$G$99,7,FALSE) -> 8 | G10: 8 | H10: =F10*G10 -> 64 | I10: =MONTH(A10) -> 12 | J10: =YEAR(A10) -> 2025
A11: 46002 | B11: M010 | C11: =VLOOKUP(B11,alış!$A$2:$G$99,2,FALSE) -> Meyve | D11: =VLOOKUP(B11,alış!$A$2:$G$99,3,FALSE) -> portakal | E11: =VLOOKUP(B11,alış!$A$2:$G$99,4,FALSE) -> valencia | F11: =VLOOKUP(B11,alış!$A$2:$G$99,7,FALSE) -> 7 | G11: 5 | H11: =F11*G11 -> 35 | I11: =MONTH(A11) -> 12 | J11: =YEAR(A11) -> 2025
A12: 46002 | B12: M011 | C12: =VLOOKUP(B12,alış!$A$2:$G$99,2,FALSE) -> Meyve | D12: =VLOOKUP(B12,alış!$A$2:$G$99,3,FALSE) -> portakal | E12: =VLOOKUP(B12,alış!$A$2:$G$99,4,FALSE) -> moro | F12: =VLOOKUP(B12,alış!$A$2:$G$99,7,FALSE) -> 9 | G12: 11 | H12: =F12*G12 -> 99 | I12: =MONTH(A12) -> 12 | J12: =YEAR(A12) -> 2025
A13: =TODAY() -> 46028 | B13: M012 | C13: =VLOOKUP(B13,alış!$A$2:$G$99,2,FALSE) -> Meyve | D13: =VLOOKUP(B13,alış!$A$2:$G$99,3,FALSE) -> portakal | E13: =VLOOKUP(B13,alış!$A$2:$G$99,4,FALSE) -> bergamot | F13: =VLOOKUP(B13,alış!$A$2:$G$99,7,FALSE) -> 10 | G13: 6 | H13: =F13*G13 -> 60 | I13: =MONTH(A13) -> 1 | J13: =YEAR(A13) -> 2026
A14: =TODAY() -> 46028 | B14: M013 | C14: =VLOOKUP(B14,alış!$A$2:$G$99,2,FALSE) -> Meyve | D14: =VLOOKUP(B14,alış!$A$2:$G$99,3,FALSE) -> portakal | E14: =VLOOKUP(B14,alış!$A$2:$G$99,4,FALSE) -> pomeran | F14: =VLOOKUP(B14,alış!$A$2:$G$99,7,FALSE) -> 8 | G14: 5 | H14: =F14*G14 -> 40 | I14: =MONTH(A14) -> 1 | J14: =YEAR(A14) -> 2026
A15: =TODAY() -> 46028 | B15: M014 | C15: =VLOOKUP(B15,alış!$A$2:$G$99,2,FALSE) -> Meyve | D15: =VLOOKUP(B15,alış!$A$2:$G$99,3,FALSE) -> mandalina | E15: =VLOOKUP(B15,alış!$A$2:$G$99,4,FALSE) -> satsuma | F15: =VLOOKUP(B15,alış!$A$2:$G$99,7,FALSE) -> 7 | G15: 5 | H15: =F15*G15 -> 35 | I15: =MONTH(A15) -> 1 | J15: =YEAR(A15) -> 2026
A16: =TODAY() -> 46028 | B16: M015 | C16: =VLOOKUP(B16,alış!$A$2:$G$99,2,FALSE) -> Meyve | D16: =VLOOKUP(B16,alış!$A$2:$G$99,3,FALSE) -> mandalina | E16: =VLOOKUP(B16,alış!$A$2:$G$99,4,FALSE) -> clementine | F16: =VLOOKUP(B16,alış!$A$2:$G$99,7,FALSE) -> 8 | G16: 5 | H16: =F16*G16 -> 40 | I16: =MONTH(A16) -> 1 | J16: =YEAR(A16) -> 2026
A17: =TODAY() -> 46028 | B17: M016 | C17: =VLOOKUP(B17,alış!$A$2:$G$99,2,FALSE) -> Meyve | D17: =VLOOKUP(B17,alış!$A$2:$G$99,3,FALSE) -> mandalina | E17: =VLOOKUP(B17,alış!$A$2:$G$99,4,FALSE) -> ponkan | F17: =VLOOKUP(B17,alış!$A$2:$G$99,7,FALSE) -> 8 | G17: 9 | H17: =F17*G17 -> 72 | I17: =MONTH(A17) -> 1 | J17: =YEAR(A17) -> 2026
A18: =TODAY() -> 46028 | B18: M017 | C18: =VLOOKUP(B18,alış!$A$2:$G$99,2,FALSE) -> Meyve | D18: =VLOOKUP(B18,alış!$A$2:$G$99,3,FALSE) -> mandalina | E18: =VLOOKUP(B18,alış!$A$2:$G$99,4,FALSE) -> ortanique | F18: =VLOOKUP(B18,alış!$A$2:$G$99,7,FALSE) -> 9 | G18: 5 | H18: =F18*G18 -> 45 | I18: =MONTH(A18) -> 1 | J18: =YEAR(A18) -> 2026
A19: =TODAY() -> 46028 | B19: M018 | C19: =VLOOKUP(B19,alış!$A$2:$G$99,2,FALSE) -> Meyve | D19: =VLOOKUP(B19,alış!$A$2:$G$99,3,FALSE) -> mandalina | E19: =VLOOKUP(B19,alış!$A$2:$G$99,4,FALSE) -> murcott honey | F19: =VLOOKUP(B19,alış!$A$2:$G$99,7,FALSE) -> 9 | G19: 5 | H19: =F19*G19 -> 45 | I19: =MONTH(A19) -> 1 | J19: =YEAR(A19) -> 2026
A20: =TODAY() -> 46028 | B20: M019 | C20: =VLOOKUP(B20,alış!$A$2:$G$99,2,FALSE) -> Meyve | D20: =VLOOKUP(B20,alış!$A$2:$G$99,3,FALSE) -> greyfurt | E20: =VLOOKUP(B20,alış!$A$2:$G$99,4,FALSE) -> ruby red | F20: =VLOOKUP(B20,alış!$A$2:$G$99,7,FALSE) -> 12 | G20: 7 | H20: =F20*G20 -> 84 | I20: =MONTH(A20) -> 1 | J20: =YEAR(A20) -> 2026
A21: =TODAY() -> 46028 | B21: M020 | C21: =VLOOKUP(B21,alış!$A$2:$G$99,2,FALSE) -> Meyve | D21: =VLOOKUP(B21,alış!$A$2:$G$99,3,FALSE) -> greyfurt | E21: =VLOOKUP(B21,alış!$A$2:$G$99,4,FALSE) -> pink | F21: =VLOOKUP(B21,alış!$A$2:$G$99,7,FALSE) -> 11 | G21: 13 | H21: =F21*G21 -> 143 | I21: =MONTH(A21) -> 1 | J21: =YEAR(A21) -> 2026
A22: =TODAY() -> 46028 | B22: M021 | C22: =VLOOKUP(B22,alış!$A$2:$G$99,2,FALSE) -> Meyve | D22: =VLOOKUP(B22,alış!$A$2:$G$99,3,FALSE) -> çilek | E22: =VLOOKUP(B22,alış!$A$2:$G$99,4,FALSE) -> camarosa | F22: =VLOOKUP(B22,alış!$A$2:$G$99,7,FALSE) -> 20 | G22: 7 | H22: =F22*G22 -> 140 | I22: =MONTH(A22) -> 1 | J22: =YEAR(A22) -> 2026
A23: =TODAY() -> 46028 | B23: M022 | C23: =VLOOKUP(B23,alış!$A$2:$G$99,2,FALSE) -> Meyve | D23: =VLOOKUP(B23,alış!$A$2:$G$99,3,FALSE) -> çilek | E23: =VLOOKUP(B23,alış!$A$2:$G$99,4,FALSE) -> albion | F23: =VLOOKUP(B23,alış!$A$2:$G$99,7,FALSE) -> 24 | G23: 7 | H23: =F23*G23 -> 168 | I23: =MONTH(A23) -> 1 | J23: =YEAR(A23) -> 2026
A24: =TODAY() -> 46028 | B24: M023 | C24: =VLOOKUP(B24,alış!$A$2:$G$99,2,FALSE) -> Meyve | D24: =VLOOKUP(B24,alış!$A$2:$G$99,3,FALSE) -> çilek | E24: =VLOOKUP(B24,alış!$A$2:$G$99,4,FALSE) -> selva | F24: =VLOOKUP(B24,alış!$A$2:$G$99,7,FALSE) -> 22 | G24: 9 | H24: =F24*G24 -> 198 | I24: =MONTH(A24) -> 1 | J24: =YEAR(A24) -> 2026
... A42: =TODAY() -> 46028 | B42: M041 | C42: =VLOOKUP(B42,alış!$A$2:$G$99,2,FALSE) -> Meyve | D42: =VLOOKUP(B42,alış!$A$2:$G$99,3,FALSE) -> kavun | E42: =VLOOKUP(B42,alış!$A$2:$G$99,4,FALSE) -> galia | F42: =VLOOKUP(B42,alış!$A$2:$G$99,7,FALSE) -> 5 | G42: 13 | H42: =F42*G42 -> 65 | I42: =MONTH(A42) -> 1 | J42: =YEAR(A42) -> 2026

Sheet Yıllık Rapor
A1: 2025
A2: Yıllık Toplam Satış | B2: =SUM('Aylık Rapor'!C:C) -> 3565
A3: Yıllık Toplam Gider | B3: =SUM(giderler!C:C) -> 94300
A4: Yıllık Net Kar | B4: =B2-B3 -> -90735

Sheet Aylık Rapor
B1: Yıl Seçimi | C1: 2025
B2: Ay Seçimi | C2: 12
B4: Aylık Satış | C4: =SUMIF(satış!I:I,C2,satış!H:H) -> 764
B5: Aylık Gider | C5: =SUMIF(giderler!E:E,C2,giderler!C:C) -> 2500
B6: Net Kar | C6: =C4-C5 -> -1736

Sheet giderler
A1: Tarih | B1: Gider | C1: Tutar | D1: Gider Türü | E1: AY NO | F1: YIL NO
A2: 46016 | B2: Elektrik | C2: 2500 | D2: Değişken | E2: =MONTH(A2) -> 12 | F2: =YEAR(A2) -> 2025
A3: 45669 | B3: Su | C3: 3000 | D3: Değişken | E3: =MONTH(A3) -> 1 | F3: =YEAR(A3) -> 2025
A4: 45669 | B4: Doğalgaz | C4: 1000 | D4: Değişken | E4: =MONTH(A4) -> 1 | F4: =YEAR(A4) -> 2025
A5: 45669 | B5: Kira | C5: 12000 | D5: Sabit | E5: =MONTH(A5) -> 1 | F5: =YEAR(A5) -> 2025
A6: 45669 | B6: Telefon | C6: 600 | D6: Sabit | E6: =MONTH(A6) -> 1 | F6: =YEAR(A6) -> 2025
A7: 45682 | B7: Mal Alımı | C7: =SUMPRODUCT(alış!F:F,alış!G:G) -> 12710 | D7: Değişken | E7: =MONTH(A7) -> 1 | F7: =YEAR(A7) -> 2025
A8: 45662 | B8: Personel Sigortaları | C8: 3640 | D8: Sabit | E8: =MONTH(A8) -> 1 | F8: =YEAR(A8) -> 2025
A9: 45669 | B9: Temizlik Malzemeleri | C9: 2850 | D9: Sabit | E9: =MONTH(A9) -> 1 | F9: =YEAR(A9) -> 2025
A10: 45662 | B10: Personel Maaşları | C10: 55000 | D10: Sabit | E10: =MONTH(A10) -> 1 | F10: =YEAR(A10) -> 2025
A11: 45669 | B11: Dükkan Eşyaları | C11: 1000 | D11: Değişken | E11: =MONTH(A11) -> 1 | F11: =YEAR(A11) -> 2025

Sheet Günlük Rapor
A1: Ürün Kodu | B1: Tür | C1: Ürün Adı | D1: Cins | E1: Birim | F1: Alınan Miktar | G1: Alış Fiyatı | H1: Satış Fiyatı | I1: Satış Miktarı
A2: M001 | B2: Meyve | C2: Elma | D2: Golden | E2: kg | F2: 30 | G2: 10 | H2: 15 | I2: 8
A3: M002 | B3: Meyve | C3: Elma | D3: Starking | E3: kg | F3: 30 | G3: 9 | H3: 14 | I3: 12
A4: M003 | B4: Meyve | C4: Elma | D4: Amasya | E4: kg | F4: 30 | G4: 8 | H4: 13 | I4: 4
A5: M004 | B5: Meyve | C5: Elma | D5: granny smith | E5: kg | F5: 30 | G5: 10 | H5: 18 | I5: 5
A6: M005 | B6: Meyve | C6: Elma | D6: fuji | E6: kg | F6: 30 | G6: 11 | H6: 16 | I6: 11
A7: M006 | B7: Meyve | C7: muz | D7: cavendish | E7: kg | F7: 30 | G7: 12 | H7: 18 | I7: 5
A8: M007 | B8: Meyve | C8: muz | D8: gros michel | E8: kg | F8: 30 | G8: 13 | H8: 19 | I8: 5
A9: M008 | B9: Meyve | C9: muz | D9: lady finger | E9: kg | F9: 30 | G9: 10 | H9: 20 | I9: 5
A10: M009 | B10: Meyve | C10: portakal | D10: washington | E10: kg | F10: 30 | G10: 8 | H10: 13 | I10: 8
A11: M010 | B11: Meyve | C11: portakal | D11: valencia | E11: kg | F11: 30 | G11: 7 | H11: 25 | I11: 5
A12: M011 | B12: Meyve | C12: portakal | D12: moro | E12: kg | F12: 30 | G12: 9 | H12: 14 | I12: 11
A13: M012 | B13: Meyve | C13: portakal | D13: bergamot | E13: kg | F13: 30 | G13: 10 | H13: 15 | I13: 6
... A42: M041 | B42: Meyve | C42: kavun | D42: galia | E42: kg | F42: 30 | G42: 5 | H42: 7 | I42: 13
